"title","channel","duration","url","description","category"
"🦥 SLOW STRETCH 🦥 stretching na wyciszenie ciała i układu nerwowego | 25 min | Malva Stretching","Malva Stretching","25","https://www.youtube.com/watch?v=EQ61trCWfhY","♡ Jeżeli spodobał Ci się mój film, zapraszam do subskrybcji! ♡ Zapraszam Ciebie na moje zajęcia online! Ćwiczymy w każdy poniedziałek o godz. 19:30. Zapisy w wiadomości prywatnej na instagramie. → Instagram @malva.stretching | / malva.stretching → współpraca: stretching.malva@gmail.com 📍 Ach Studio Gdynia #stretching #mobility #szpagat #rozciąganie","Mobility, Rozciąganie"
"☀️ PORANNY STRETCHING ☀️ 19 min | rozruszaj się z rana i poczuj się lepiej! | Malva Stretching","Malva Stretching","19","https://www.youtube.com/watch?v=etuwUe2sdj0","♡ Jeżeli spodobał Ci się mój film, zapraszam do subskrybcji! ♡ Zapraszam Ciebie na moje zajęcia online! Ćwiczymy w każdy poniedziałek o godz. 19:30. Zapisy w wiadomości prywatnej na instagramie. → Instagram @malva.stretching | / malva.stretching → współpraca: stretching.malva@gmail.com 📍 Ach Studio Gdynia #stretching #mobility #szpagat #rozciąganie","Mobility, Rozciąganie"
"MOBILITY BARKÓW | TRENING NA GARBA | 20 min | Malva Stretching","Malva Stretching","19","https://www.youtube.com/watch?v=TAewCAjp-2I","♡ Jeżeli spodobał Ci się mój film, zapraszam do subskrybcji! ♡ Zapraszam Ciebie na moje zajęcia online! Ćwiczymy w każdy poniedziałek o godz. 19:30. Zapisy w wiadomości prywatnej na instagramie. → Instagram @malva.stretching | → współpraca: stretching.malva@gmail.com 📍 Ach Studio Gdynia #stretching #mobility #szpagat #rozciąganie","Mobility, Rozciąganie"
"Idealne ćwiczenie na rozciąganie całej tylnej taśmy nie istn…","Malva Stretching","2","https://www.youtube.com/watch?v=yorOQSWD5A8","","Mobility, Rozciąganie"
"✨ MOBILITY FLOW ✨ | OTWÓRZ KLATKĘ I BIODRA | 30 min | Malva Stretching","Malva Stretching","31","https://www.youtube.com/watch?v=GZT_x3kMLT8","♡ Jeżeli spodobał Ci się mój film, zapraszam do subskrybcji! ♡ Zapraszam Ciebie na moje zajęcia online! Ćwiczymy w każdy poniedziałek o godz. 19:30. Zapisy w wiadomości prywatnej na instagramie. → Instagram @malva.stretching | → współpraca: stretching.malva@gmail.com 📍 Ach Studio Gdynia #stretching #mobility #szpagat #rozciąganie","Mobility, Rozciąganie"
"Wzmacnianie bioder i pośladków | 25 min | Malva Stretching","Malva Stretching","26","https://www.youtube.com/watch?v=3jBYGkwIFec","♡ Jeżeli spodobał Ci się mój film, zapraszam do subskrybcji! ♡ Zapraszam Ciebie na moje zajęcia online! Ćwiczymy w każdy poniedziałek o godz. 19:30. Zapisy w wiadomości prywatnej na instagramie. → Instagram @malva.stretching | → współpraca: stretching.malva@gmail.com 📍 Ach Studio Gdynia #stretching #mobility #szpagat #rozciąganie","Mobility, Rozciąganie"
"OTWARCIE KLATKI Z ROLKĄ | TRENING NA GARBA | 20 min | Malva Stretching","Malva Stretching","20","https://www.youtube.com/watch?v=jM8VLWKNzTA","♡ Jeżeli spodobał Ci się mój film, zapraszam do subskrybcji! ♡ Zapraszam Ciebie na moje zajęcia online! Ćwiczymy w każdy poniedziałek o godz. 19:30. Zapisy w wiadomości prywatnej na instagramie. → Instagram @malva.stretching | → współpraca: stretching.malva@gmail.com 📍 Ach Studio Gdynia #stretching #mobility #szpagat #rozciąganie","Mobility, Rozciąganie"
"🔥MOBILITY FLOW🔥 ROZCIĄGANIE NA KAŻDY DZIEŃ | 35 min | Malva Stretching","Malva Stretching","35","https://www.youtube.com/watch?v=5t85Pday6B8","♡ Jeżeli spodobał Ci się mój film, zapraszam do subskrybcji! ♡ Zapraszam Ciebie na moje zajęcia online! Ćwiczymy w każdy poniedziałek o godz. 19:30. Zapisy w wiadomości prywatnej na instagramie. → Instagram @malva.stretching | → współpraca: stretching.malva@gmail.com 📍 Ach Studio Gdynia #stretching #mobility #szpagat #rozciąganie","Mobility, Rozciąganie"
"✨ MOBILITY FLOW ✨30 min | Rozciąganie całego ciała | Malva Stretching","Malva Stretching","32","https://www.youtube.com/watch?v=4sCiJJCwB3A","♡ Jeżeli spodobał Ci się mój film, zapraszam do subskrybcji! ♡ Zapraszam Ciebie na moje zajęcia online! Ćwiczymy w każdy poniedziałek o godz. 19:30. Zapisy w wiadomości prywatnej na instagramie. → Instagram @malva.stretching | → współpraca: stretching.malva@gmail.com 📍 Ach Studio Gdynia #stretching #mobility #szpagat #rozciąganie","Mobility, Rozciąganie"
"RUTYNA NA SZTYWNE CIAŁO | STRETCHING POWIĘZIOWY | 20 min | Malva Stretching","Malva Stretching","18","https://www.youtube.com/watch?v=Wv0Bg62tlVc","♡ Jeżeli spodobał Ci się mój film, zapraszam do subskrybcji! ♡ Zapraszam Ciebie na moje zajęcia online! Ćwiczymy w każdy poniedziałek o godz. 19:30. Zapisy w wiadomości prywatnej na instagramie. → Instagram @malva.stretching | → współpraca: stretching.malva@gmail.com 📍 Ach Studio Gdynia #stretching #mobility #szpagat #rozciąganie","Mobility, Rozciąganie"
"🔥 MOBILITY CAŁEGO CIAŁA 🔥 | 35 MIN | MALVA STRETCHING","Malva Stretching","34","https://www.youtube.com/watch?v=4ARrFiqZRWY","♡ Jeżeli spodobał Ci się mój film, zapraszam do subskrybcji! ♡ Zapraszam Ciebie na moje zajęcia online! Ćwiczymy w każdą środę o godz. 18:00. Zapisy w wiadomości prywatnej na instagramie. → Instagram @malva.stretching | → współpraca: stretching.malva@gmail.com 📍 Ach Studio Gdynia #stretching #mobility #szpagat #rozciąganie","Mobility, Rozciąganie"
"✨ MOBILITY BIODER ✨ Wzmocnij i rozciągnij swoje biodra | 30 min | Malva Stretching","Malva Stretching","29","https://www.youtube.com/watch?v=Bev-qbKRGJk","♡ Jeżeli spodobał Ci się mój film, zapraszam do subskrybcji! ♡ Zapraszam Ciebie na moje zajęcia online! Ćwiczymy w każdą środę o godz. 18:00. Zapisy w wiadomości prywatnej na instagramie. → Instagram @malva.stretching | → współpraca: stretching.malva@gmail.com 📍 Ach Studio Gdynia #stretching #mobility #szpagat #rozciąganie","Mobility, Rozciąganie"
"PRZESTAŃ SIĘ GARBIĆ | Ćwiczenia na wdowi garb | Wzmacnianie+rozciąganie | Malva Stretching | 25 min","Malva Stretching","26","https://www.youtube.com/watch?v=2tSFRTBzlOM","♡ Jeżeli spodobał Ci się mój film, zapraszam do subskrybcji! ♡ Zapraszam Ciebie na moje zajęcia online! Ćwiczymy w każdą środę o godz. 18:00. Zapisy w wiadomości prywatnej na instagramie. → Instagram @malva.stretching | → współpraca: stretching.malva@gmail.com 📍 Ach Studio Gdynia #stretching #mobility #szpagat #rozciąganie","Mobility, Rozciąganie"
"🔥POWER STRETCH 🔥 Rozciąganie nóg + aktywny stretching | 30 min | Malva Stretching","Malva Stretching","30","https://www.youtube.com/watch?v=OBvoUQVAuoA","♡ Jeżeli spodobał Ci się mój film, zapraszam do subskrybcji! ♡ Zapraszam Ciebie na moje zajęcia online! Ćwiczymy w każdą środę o godz. 18:00. Zapisy w wiadomości prywatnej na instagramie. → Instagram @malva.stretching | → współpraca: stretching.malva@gmail.com 📍 Ach Studio Gdynia #stretching #mobility #szpagat #rozciąganie","Mobility, Rozciąganie"
"Stretching na bezbolesne plecy | Trening na ból w lędźwiach | 26 min | Malva Stretching","Malva Stretching","26","https://www.youtube.com/watch?v=94Uo3fWDZrs","♡ Jeżeli spodobał Ci się mój film, zapraszam do subskrybcji! ♡ Zapraszam Ciebie na moje zajęcia online! Ćwiczymy w każdą środę o godz. 18:00. Zapisy w wiadomości prywatnej na instagramie. → Instagram @malva.stretching | → współpraca: stretching.malva@gmail.com 📍 Ach Studio Gdynia #stretching #mobility #szpagat #rozciąganie","Mobility, Rozciąganie"
"Otwarcie klatki i bioder 🌸 Przyjemne rozciąganie | 28 min | Idealne przy pracy siedzącej","Malva Stretching","27","https://www.youtube.com/watch?v=8SXmUBshsoM","♡ Jeżeli spodobał Ci się mój film, zapraszam do subskrybcji! ♡ Zapraszam Ciebie na moje zajęcia online! Ćwiczymy w każdą środę o godz. 18:00. Zapisy w wiadomości prywatnej na instagramie. → Instagram @malva.stretching | → współpraca: stretching.malva@gmail.com 📍 Ach Studio Gdynia #stretching #mobility #szpagat #rozciąganie","Mobility, Rozciąganie"
"Łagodny stretching na spięte biodra | rolowanie + rozciąganie | 23 min | Malva Stretching","Malva Stretching","23","https://www.youtube.com/watch?v=q4ArBSPEHSg","♡ Jeżeli spodobał Ci się mój film, zapraszam do subskrybcji! ♡ Zapraszam Ciebie na moje zajęcia online! Ćwiczymy w każdą środę o godz. 18:00. Zapisy w wiadomości prywatnej na instagramie. → Instagram @malva.stretching | → współpraca: stretching.malva@gmail.com 📍 Ach Studio Gdynia #stretching #mobility #szpagat #rozciąganie","Mobility, Rozciąganie"
"Rozciąganie po bieganiu | Stretching nóg z krzesłem | 15 min | Malva Stretching","Malva Stretching","15","https://www.youtube.com/watch?v=MTj1v-A6cto","♡ Jeżeli spodobał Ci się mój film, zapraszam do subskrybcji! ♡ Zapraszam Ciebie na moje zajęcia online! Ćwiczymy w każdą środę o godz. 18:00. Zapisy w wiadomości prywatnej na instagramie. → Instagram @malva.stretching | → współpraca: stretching.malva@gmail.com 📍 Ach Studio Gdynia #stretching #mobility #szpagat #rozciąganie","Mobility, Rozciąganie"
"Stretching na bezbolesne nadgarstki | Idealne przy pracy przy komputerze | Malva Stretching | 10 min","Malva Stretching","10","https://www.youtube.com/watch?v=YfvbDPX-Fec","♡ Jeżeli spodobał Ci się mój film, zapraszam do subskrybcji! ♡ Zapraszam Ciebie na moje zajęcia online! Ćwiczymy w każdą środę o godz. 18:00. Zapisy w wiadomości prywatnej na instagramie. → Instagram @malva.stretching | → współpraca: stretching.malva@gmail.com 📍 Ach Studio Gdynia #stretching #mobility #szpagat #rozciąganie","Mobility, Rozciąganie"
"Ekspresowe rozciąganie tylnej taśmy - pogłęb swój skłon w przód 🔥 | Malva Stretching | 12 min","Malva Stretching","12","https://www.youtube.com/watch?v=rZQuztBdL1o","♡ Jeżeli spodobał Ci się mój film, zapraszam do subskrybcji! ♡ Film rozciągający zginacze bioder - Zapraszam Ciebie na moje zajęcia online! Ćwiczymy w każdą środę o godz. 18:00. Zapisy w wiadomości prywatnej na instagramie. → Instagram @malva.stretching | → współpraca: stretching.malva@gmail.com 📍 Ach Studio Gdynia #stretching #mobility #szpagat #rozciąganie","Mobility, Rozciąganie"
"Szybki stretching dla „sztywniaków” | Poranne rozciąganie | 20 min | Malva Stretching","Malva Stretching","20","https://www.youtube.com/watch?v=rM5sjwEtrMg","♡ Jeżeli spodobał Ci się mój film, zapraszam do subskrybcji! ♡ Zapraszam Ciebie na moje zajęcia online! Ćwiczymy w każdą środę o godz. 18:00. Zapisy na moje zajęcia: → Instagram @malva.stretching | → współpraca: stretching.malva@gmail.com 📍 Ach Studio Gdynia #stretching #mobility #szpagat #rozciąganie","Mobility, Rozciąganie"
"Rozgrzewka przed treningiem 💪🏽 | Mobility na całe ciało | Malva Stretching","Malva Stretching","8","https://www.youtube.com/watch?v=ChDWsdzEmLM","Zapraszam Ciebie dzisiaj na rozgrzewkę do treningu siłowego, mocniejszego stretchingu lub innego treningu, do którego potrzebujesz rozgrzać ciało. ♡ Jeżeli spodobał Ci się mój film, zapraszam do subskrybcji! ♡ Zapraszam Ciebie na moje zajęcia online oraz stacjonarne w Gdańsku! Ćwiczymy w każdą środę o godz. 18:00. Zapisy pod linkiem: → Instagram @malva.stretching | → współpraca: stretching.malva@g","Mobility, Rozciąganie"
"STRETCHING NA DZIEŃ DOBRY | rozciąganie o poranku | 20 min | Malva Stretching","Malva Stretching","19","https://www.youtube.com/watch?v=c7ibEGe1pOc","♡ Jeżeli spodobał Ci się mój film, zapraszam do subskrybcji! ♡ Zapraszam Ciebie na moje zajęcia online! Ćwiczymy w każdą środę o godz. 18:00. Chcesz więcej informacji? Napisz to mnie na Instagramie! → Instagram @malva.stretching | → współpraca: stretching.malva@gmail.com 📍 Ach Studio Gdynia #stretching #mobility #szpagat #rozciąganie","Mobility, Rozciąganie"
"Rozciąganie w menstruacji | Rozluźnij ciało i mięśnie dna miednicy | 18 min | Malva Stretching","Malva Stretching","17","https://www.youtube.com/watch?v=Y-X8ZRnMB2w","♡ Jeżeli spodobał Ci się mój film, zapraszam do subskrybcji! ♡ Zapraszam Ciebie na moje zajęcia online! Ćwiczymy w każdą środę o godz. 18:00. Chcesz więcej informacji? Napisz to mnie na Instagramie! → Instagram @malva.stretching | → współpraca: stretching.malva@gmail.com 📍 Ach Studio Gdynia #stretching #mobility #szpagat #rozciąganie","Mobility, Rozciąganie"
"Rozluźnianie i mobilizacja ramion | Stretching na spięte barki | 18 min | Malva Stretching","Malva Stretching","18","https://www.youtube.com/watch?v=WhtwbBDDQco","♡ Jeżeli spodobał Ci się mój film, zapraszam do subskrybcji! ♡ Zapraszam Ciebie na moje zajęcia online! Ćwiczymy w każdą środę o godz. 18:00. Chcesz więcej informacji? Napisz to mnie na Instagramie! → Instagram @malva.stretching | → współpraca: stretching.malva@gmail.com 📍 Ach Studio Gdynia #stretching #mobility #szpagat #rozciąganie","Mobility, Rozciąganie"
"Rolowanie nóg | 20 min | Rozluźnij spięte nogi | Malva Stretching","Malva Stretching","21","https://www.youtube.com/watch?v=pZdW5KSpIJg","♡ Jeżeli spodobał Ci się mój film, zapraszam do subskrybcji! ♡ Zapraszam Ciebie na moje zajęcia online! Ćwiczymy w każdą środę o godz. 18:00. Chcesz więcej informacji? Napisz to mnie na Instagramie! → Instagram @malva.stretching | → współpraca: stretching.malva@gmail.com 📍 Ach Studio Gdynia #stretching #mobility #szpagat #rozciąganie","Mobility, Rozciąganie"
"Stretch Flow dla bioder | otwarcie bioder | 30 min | Malva Stretching","Malva Stretching","32","https://www.youtube.com/watch?v=SqJ9527TT20","♡ Jeżeli spodobał Ci się mój film, zapraszam do subskrybcji! ♡ Zapraszam Ciebie na moje zajęcia online! Ćwiczymy w każdą środę o godz. 18:00. Chcesz więcej informacji? Napisz to mnie na Instagramie! → Instagram @malva.stretching | → współpraca: stretching.malva@gmail.com 📍 Ach Studio Gdynia #stretching #mobility #szpagat #rozciąganie","Mobility, Rozciąganie"
"Otwarcie klatki z użyciem rollera | 25 min | rozluźnianie pleców | Malva Stretching","Malva Stretching","25","https://www.youtube.com/watch?v=z5ZdSNhuNs4","♡ Jeżeli spodobał Ci się mój film, zapraszam do subskrybcji! ♡ Zapraszam Ciebie na moje zajęcia online! Ćwiczymy w każdą środę o godz. 18:00. Chcesz więcej informacji? Napisz to mnie na Instagramie! → Instagram @malva.stretching | → współpraca: stretching.malva@gmail.com 📍 Ach Studio Gdynia #stretching #mobility #szpagat #rozciąganie","Mobility, Rozciąganie"
"STRETCH FLOW | rozciąganie całego ciała | 20 min | MALVA STRETCHING","Malva Stretching","23","https://www.youtube.com/watch?v=DaSseQh7TX8","♡ Jeżeli spodobał Ci się mój film, zapraszam do subskrybcji! ♡ Zapraszam Ciebie na moje zajęcia online! Ćwiczymy w każdą środę o godz. 18:00. Chcesz więcej informacji? Napisz to mnie na Instagramie! → Instagram @malva.stretching | → współpraca: stretching.malva@gmail.com 📍 Ach Studio Gdynia #stretching #mobility #szpagat #rozciąganie","Mobility, Rozciąganie"
"Tylna noga w szpagacie | rozciąganie zginaczy bioder | 28 min | MALVA STRETCHING","Malva Stretching","27","https://www.youtube.com/watch?v=LivjNzCvHXc","♡ Jeżeli spodobał Ci się mój film, zapraszam do subskrybcji! ♡ Zapraszam Ciebie na moje zajęcia online! Ćwiczymy w każdą środę o godz. 18:00. Chcesz więcej informacji? Napisz to mnie na Instagramie! → Instagram @malva.stretching | → współpraca: stretching.malva@gmail.com 📍 Ach Studio Gdynia #stretching #mobility #szpagat #rozciąganie","Mobility, Rozciąganie"
"Rozluźnianie pleców z użyciem piłki | 20 min | rolowanie","Malva Stretching","21","https://www.youtube.com/watch?v=5u9LzN78wHw","♡ Jeżeli spodobał Ci się mój film, zapraszam do subskrybcji! ♡ Zapraszam Ciebie na moje zajęcia online! Ćwiczymy w każdą środę o godz. 18:00. Chcesz więcej informacji? Napisz to mnie na Instagramie! → Instagram @malva.stretching | → współpraca: stretching.malva@gmail.com 📍 Ach Studio Gdynia #stretching #mobility #szpagat #rozciąganie","Mobility, Rozciąganie"
"Przednia noga w szpagacie | 18 min | pogłęb swój skłon w przód","Malva Stretching","18","https://www.youtube.com/watch?v=mynJifDalOk","♡ Jeżeli spodobał Ci się mój film, zapraszam do subskrybcji! ♡ Zapraszam Ciebie na mój kurs DROGA DO SZPAGATU! Jest to 10-tygodniowy program treningowy (z dostępem na 80 dni), gdzie nauczysz się pogłębiać zakres do szpagatu ✨ link do kursu: → Instagram @malva.stretching | → współpraca: stretching.malva@gmail.com 📍 Ach Studio Gdynia #stretching #mobility #szpagat #rozciąganie","Mobility, Rozciąganie"
"WIECZORNE ROZCIĄGANIE | 20 min | lekki stretching przed snem","Malva Stretching","19","https://www.youtube.com/watch?v=jm823IbKLaM","♡ Jeżeli spodobał Ci się mój film, zapraszam do subskrybcji! ♡ Zapraszam Ciebie na mój kurs DROGA DO SZPAGATU! Jest to 10-tygodniowy program treningowy (z dostępem na 80 dni), gdzie nauczysz się pogłębiać zakres do szpagatu ✨ link do kursu: → Instagram @malva.stretching | → współpraca: stretching.malva@gmail.com 📍 Ach Studio Gdynia #stretching #mobility #szpagat #rozciąganie","Mobility, Rozciąganie"
"Stretching całego ciała BEZ MATY | 20 min | trening w podróży i po długim dniu pracy","Malva Stretching","20","https://www.youtube.com/watch?v=VMw541vdckM","Zapraszam Ciebie na mój kurs DROGA DO SZPAGATU! Jest to 10-tygodniowy program treningowy (z dostępem na 80 dni), gdzie nauczysz się pogłębiać zakres do szpagatu ✨ link do kursu: Mam nadzieje, że film Ci się podoba! Jeśli tak, to daj znać w komentarzu🧡 instagram: @malva.stretching współpraca: stretching.malva@gmail.com 📍 Ach Studio Gdynia #stretching #mobility #szpagat #rozciąganie","Mobility, Rozciąganie"
"Trening na MOBILNOŚĆ BARKÓW | 20 min | rozciąganie i wzmacnianie","Malva Stretching","23","https://www.youtube.com/watch?v=CVtG1y0lZbM","Dziś zapraszam Ciebie na trening na mobilność barków 💪 Jeśli masz tendencję do garbienia się, te ćwiczenia są idealne dla Ciebie! 🧘🏽‍♀️ To jak, poćwiczysz ze mną? 🙋🏽‍♀️ Mam nadzieje, że trening Ci się podoba! Jeśli tak, to daj znać w komentarzu🧡 instagram: @malva.stretching współpraca: stretching.malva@gmail.com 📍 Ach Studio Gdynia #stretching #mobility #szpagat #rozciąganie","Mobility, Rozciąganie"
"Stretching na sztywne nogi | 20 min | Trening na rozruch bioder i nóg","Malva Stretching","20","https://www.youtube.com/watch?v=Sj8NE76yxvY","Masz siedzący tryb życia? Dużo biegasz lub chodzisz na siłownię? Te ćwiczenia będą idealne dla Ciebie 🧘🏽‍♀️ To jak, poćwiczysz ze mną? 🙋🏽‍♀️ Mam nadzieje, że trening Ci się podoba! Jeśli tak, to daj znać w komentarzu🧡 ✨ Już niedługo w opisie więcej informacji o moim nowym kursie online DROGA DO SZPAGATU. Stay tuned! ✨ instagram: @malva.stretching współpraca: stretching.malva@gmail.com 📍 Ach Studio","Mobility, Rozciąganie"
"SZPAGAT 1/3 - pogłęb skłon w przód","Malva Stretching","27","https://www.youtube.com/watch?v=vOcZLJq7OH4","Dzisiaj zajmujemy się pogłębianiem naszego skłonu w przód! 🧘🏽‍♀️ Zapraszam Ciebie na trening, w którym rozciągniemy tył nóg, wzmocnimy ich przednią część oraz pośladki. Jeśli masz problem z przednią nogą w szpagacie lub po prostu chcesz rozciągnąć i wzmocnić tylną taśmę mięśniowo-powięziową, polecam Ci robić ten trening częściej niż raz w tygodniu. ✨ Już niedługo w opisie więcej informacji o moim ","Mobility, Rozciąganie"
"OTWARCIE KLATKI PIERSIOWEJ 🧘🏽‍♀️","Malva Stretching","27","https://www.youtube.com/watch?v=gvL1ckOcAqI","Zapraszam Ciebie na trening, który da trochę luzu w klatce piersiowej, rozrusza ramiona i kręgosłup. 🧘🏽‍♀️ Polecam wykonywać ten trening szczególnie gdy masz stresujący czas lub dużo siedzisz w pozycji ""krewetki"" 🦐 To jak, poćwiczysz ze mną? 🙋🏽‍♀️ Mam nadzieje, że film Ci się podoba! Jeśli tak, to daj znać w komentarzu🧡 instagram: @malva.stretching współpraca: stretching.malva@gmail.com 📍 Ach Stud","Mobility, Rozciąganie"
"LUZ W BIODRACH - trening na mobilność bioder","Malva Stretching","38","https://www.youtube.com/watch?v=9YwwVAeJOKs","Kto czuje sztywność w okolicach miednicy ręka do góry! 🙋🏽‍♀️ Dzisiaj zapraszam Ciebie na trening, który da trochę luzu w biodrach, rozrusza miednicę i zwiększy mobilność w stawach biodrowych. Jeśli prowadzisz siedzący tryb życia, albo przeciwnie - jeśli dużo biegasz i trenujesz na siłowni to te ćwiczenia są dla Ciebie! To jak, poćwiczysz ze mną? 🧘🏽‍♀️ Mam nadzieje, że film Ci się podoba! Jeśli tak","Mobility, Rozciąganie"
